"",genderLabel,article
Andre Geim,männlich,https://de.wikipedia.org/wiki/Andre_Geim
Bruce Beutler,männlich,https://de.wikipedia.org/wiki/Bruce_Beutler
Manfred Füllsack,männlich,https://de.wikipedia.org/wiki/Manfred_F%C3%BCllsack
Paul Molitor,männlich,https://de.wikipedia.org/wiki/Paul_Molitor_(Informatiker)
Benjamin List,männlich,https://de.wikipedia.org/wiki/Benjamin_List
Roland Kirstein,männlich,https://de.wikipedia.org/wiki/Roland_Kirstein
Patrick Cramer,männlich,https://de.wikipedia.org/wiki/Patrick_Cramer
Werner Riess,männlich,https://de.wikipedia.org/wiki/Werner_Rie%C3%9F_(Althistoriker)
Sabina Jeschke,weiblich,https://de.wikipedia.org/wiki/Sabina_Jeschke
Michael Röckner,männlich,https://de.wikipedia.org/wiki/Michael_R%C3%B6ckner
Donna Nelson,weiblich,https://de.wikipedia.org/wiki/Donna_Nelson
Bamir Topi,männlich,https://de.wikipedia.org/wiki/Bamir_Topi
Catherine Grace Coleman,weiblich,https://de.wikipedia.org/wiki/Catherine_Coleman
Klaus Segbers,männlich,https://de.wikipedia.org/wiki/Klaus_Segbers
Bernhard Siegert,männlich,https://de.wikipedia.org/wiki/Bernhard_Siegert
Stefanie Dimmeler,weiblich,https://de.wikipedia.org/wiki/Stefanie_Dimmeler
Franz-Josef Ulm,männlich,https://de.wikipedia.org/wiki/Franz-Josef_Ulm
Zack Snyder,männlich,https://de.wikipedia.org/wiki/Zack_Snyder
Reinhard Genzel,männlich,https://de.wikipedia.org/wiki/Reinhard_Genzel
Stanislav Komárek,männlich,https://de.wikipedia.org/wiki/Stanislav_Kom%C3%A1rek
Ayaan Hirsi Ali,weiblich,https://de.wikipedia.org/wiki/Ayaan_Hirsi_Ali
Dean Baker,männlich,https://de.wikipedia.org/wiki/Dean_Baker
Benedict Gross,männlich,https://de.wikipedia.org/wiki/Benedict_Gross
Susan Greenfield,weiblich,https://de.wikipedia.org/wiki/Susan_Greenfield
Fred Diamond,männlich,https://de.wikipedia.org/wiki/Fred_Diamond
Nathan Myhrvold,männlich,https://de.wikipedia.org/wiki/Nathan_Myhrvold
Nathan Myhrvold,männlich,https://de.wikipedia.org/wiki/Nathan_Myhrvold
Hiroshi Ishiguro,männlich,https://de.wikipedia.org/wiki/Hiroshi_Ishiguro
Akiyoshi Kitaoka,männlich,https://de.wikipedia.org/wiki/Akiyoshi_Kitaoka
Xiangzhong Yang,männlich,https://de.wikipedia.org/wiki/Xiangzhong_Yang
Todd Stern,männlich,https://de.wikipedia.org/wiki/Todd_Stern
Kathryn D. Sullivan,weiblich,https://de.wikipedia.org/wiki/Kathryn_D._Sullivan
Diana Gabaldon,weiblich,https://de.wikipedia.org/wiki/Diana_Gabaldon
Claudine Moulin,weiblich,https://de.wikipedia.org/wiki/Claudine_Moulin
Ömer Özsoy,männlich,https://de.wikipedia.org/wiki/%C3%96mer_%C3%96zsoy
Timothy Garton Ash,männlich,https://de.wikipedia.org/wiki/Timothy_Garton_Ash
Lawrence Summers,männlich,https://de.wikipedia.org/wiki/Lawrence_Summers
Amir Ansari,männlich,https://de.wikipedia.org/wiki/Amir_Ansari_(Unternehmer)
Andrea Ghez,weiblich,https://de.wikipedia.org/wiki/Andrea_Ghez
Robert Zubrin,männlich,https://de.wikipedia.org/wiki/Robert_Zubrin
Robert Zubrin,männlich,https://de.wikipedia.org/wiki/Robert_Zubrin
Athene Donald,weiblich,https://de.wikipedia.org/wiki/Athene_Donald
Paul Anastas,männlich,https://de.wikipedia.org/wiki/Paul_Anastas
Marcos Soares Tatagiba,männlich,https://de.wikipedia.org/wiki/Marcos_Soares_Tatagiba
Barbara Lenz,weiblich,https://de.wikipedia.org/wiki/Barbara_Lenz_(Verkehrswissenschaftlerin)
Barry Brook,männlich,https://de.wikipedia.org/wiki/Barry_Brook_(%C3%96kologe)
Ben Goldacre,männlich,https://de.wikipedia.org/wiki/Ben_Goldacre
Benedikt Buchner,männlich,https://de.wikipedia.org/wiki/Benedikt_Buchner
Pavel Kroupa,männlich,https://de.wikipedia.org/wiki/Pavel_Kroupa
Bernd Rüschoff,männlich,https://de.wikipedia.org/wiki/Bernd_R%C3%BCschoff
Janko Ferk,männlich,https://de.wikipedia.org/wiki/Janko_Ferk
David P. Lane,männlich,https://de.wikipedia.org/wiki/David_P._Lane
Robert Dilts,männlich,https://de.wikipedia.org/wiki/Robert_Dilts
Clay Shirky,männlich,https://de.wikipedia.org/wiki/Clay_Shirky
Tamara Braun,weiblich,https://de.wikipedia.org/wiki/Tamara_Braun
Janet Biehl,weiblich,https://de.wikipedia.org/wiki/Janet_Biehl
Anke Bosse,weiblich,https://de.wikipedia.org/wiki/Anke_Bosse
Phil Jones,männlich,https://de.wikipedia.org/wiki/Philip_D._Jones
Andreas Schleicher,männlich,https://de.wikipedia.org/wiki/Andreas_Schleicher
Hubert Houben,männlich,https://de.wikipedia.org/wiki/Hubert_Houben_(Historiker)
Ernst Fehr,männlich,https://de.wikipedia.org/wiki/Ernst_Fehr
Nikolai Grube,männlich,https://de.wikipedia.org/wiki/Nikolai_Grube
Burkhard Meyer-Sickendiek,männlich,https://de.wikipedia.org/wiki/Burkhard_Meyer-Sickendiek
Guido Tonelli,männlich,https://de.wikipedia.org/wiki/Guido_Tonelli
Charlotte Schubert,weiblich,https://de.wikipedia.org/wiki/Charlotte_Schubert
Alexander Anatoljewitsch Iljin,männlich,https://de.wikipedia.org/wiki/Alexander_Anatoljewitsch_Iljin
Jewgeni Nikolajewitsch Kablow,männlich,https://de.wikipedia.org/wiki/Jewgeni_Nikolajewitsch_Kablow
Siddhartha Mukherjee,männlich,https://de.wikipedia.org/wiki/Siddhartha_Mukherjee
Mitchell Joachim,männlich,https://de.wikipedia.org/wiki/Mitchell_Joachim
Michael Jursa,männlich,https://de.wikipedia.org/wiki/Michael_Jursa
Christian Jung,männlich,https://de.wikipedia.org/wiki/Christian_Jung_(Molekularbiologe)
Christian Kassung,männlich,https://de.wikipedia.org/wiki/Christian_Kassung
Christian Klingler,männlich,https://de.wikipedia.org/wiki/Christian_Klingler
Christiane Vorster,weiblich,https://de.wikipedia.org/wiki/Christiane_Vorster
Christoph Neuberger,männlich,https://de.wikipedia.org/wiki/Christoph_Neuberger
Claudia Spies,weiblich,https://de.wikipedia.org/wiki/Claudia_Spies
Claus Wendt,männlich,https://de.wikipedia.org/wiki/Claus_Wendt
Walter Pauly,männlich,https://de.wikipedia.org/wiki/Walter_Pauly_(Jurist)
David Darling,männlich,https://de.wikipedia.org/wiki/David_Darling_(Astronom)
Didier Sornette,männlich,https://de.wikipedia.org/wiki/Didier_Sornette
Sylvia Paletschek,weiblich,https://de.wikipedia.org/wiki/Sylvia_Paletschek
Sybille Krämer,weiblich,https://de.wikipedia.org/wiki/Sybille_Kr%C3%A4mer
Dorothea Rüland,weiblich,https://de.wikipedia.org/wiki/Dorothea_R%C3%BCland
Sandra Richter,weiblich,https://de.wikipedia.org/wiki/Sandra_Richter
Dorothee Meister,weiblich,https://de.wikipedia.org/wiki/Dorothee_Meister
Hans-Ueli Vogt,männlich,https://de.wikipedia.org/wiki/Hans-Ueli_Vogt
Henning Schmidgen,männlich,https://de.wikipedia.org/wiki/Henning_Schmidgen
Eduard Heindl,männlich,https://de.wikipedia.org/wiki/Eduard_Heindl
James F. Kasting,männlich,https://de.wikipedia.org/wiki/James_F._Kasting
Ingrid Pabinger-Fasching,weiblich,https://de.wikipedia.org/wiki/Ingrid_Pabinger-Fasching
Vilmos Totik,männlich,https://de.wikipedia.org/wiki/Vilmos_Totik
Emil Wingstedt,männlich,https://de.wikipedia.org/wiki/Emil_Wingstedt
Ursula Keller,weiblich,https://de.wikipedia.org/wiki/Ursula_Keller_(Physikerin)
Igor Raufowitsch Aschurbejli,männlich,https://de.wikipedia.org/wiki/Igor_Raufowitsch_Aschurbejli
Winy Maas,männlich,https://de.wikipedia.org/wiki/Winy_Maas
Winy Maas,männlich,https://de.wikipedia.org/wiki/Winy_Maas
Toni Bernhart,männlich,https://de.wikipedia.org/wiki/Toni_Bernhart
Wolfram Euler,männlich,https://de.wikipedia.org/wiki/Wolfram_Euler
Rolf Drechsler,männlich,https://de.wikipedia.org/wiki/Rolf_Drechsler
Eva Barlösius,weiblich,https://de.wikipedia.org/wiki/Eva_Barl%C3%B6sius
Eva-Maria Jakobs,weiblich,https://de.wikipedia.org/wiki/Eva-Maria_Jakobs
Roland Lill,männlich,https://de.wikipedia.org/wiki/Roland_Lill
Friederike Fless,weiblich,https://de.wikipedia.org/wiki/Friederike_Fless
Ursula Verhoeven-van Elsbergen,weiblich,https://de.wikipedia.org/wiki/Ursula_Verhoeven-van_Elsbergen
Sebastian Dullien,männlich,https://de.wikipedia.org/wiki/Sebastian_Dullien
Gerhard Lauer,männlich,https://de.wikipedia.org/wiki/Gerhard_Lauer
Gregory Edgecombe,männlich,https://de.wikipedia.org/wiki/Gregory_Edgecombe
Wolfgang Spickermann,männlich,https://de.wikipedia.org/wiki/Wolfgang_Spickermann
Hans Jürgen Herrmann,männlich,https://de.wikipedia.org/wiki/Hans_J%C3%BCrgen_Herrmann
Gyburg Uhlmann,weiblich,https://de.wikipedia.org/wiki/Gyburg_Uhlmann
Günter Burkart,männlich,https://de.wikipedia.org/wiki/G%C3%BCnter_Burkart
Peter Krapp,männlich,https://de.wikipedia.org/wiki/Peter_Krapp
Qadyrschan Dämitow,männlich,https://de.wikipedia.org/wiki/Qadyrschan_D%C3%A4mitow
Nona Dmitrijewna Dronowa,weiblich,https://de.wikipedia.org/wiki/Nona_Dmitrijewna_Dronowa
Panagiotis Toufexis,männlich,https://de.wikipedia.org/wiki/Panagiotis_Toufexis
Heinrich de Wall,männlich,https://de.wikipedia.org/wiki/Heinrich_de_Wall
Henning Lobin,männlich,https://de.wikipedia.org/wiki/Henning_Lobin
Henri Darmon,männlich,https://de.wikipedia.org/wiki/Henri_Darmon
Josselin Garnier,männlich,https://de.wikipedia.org/wiki/Josselin_Garnier
Hubertus Kohle,männlich,https://de.wikipedia.org/wiki/Hubertus_Kohle
Alexander-Martin Sardina,männlich,https://de.wikipedia.org/wiki/Alexander-Martin_Sardina
Thomas Gloning,männlich,https://de.wikipedia.org/wiki/Thomas_Gloning
Jaromir Konecny,männlich,https://de.wikipedia.org/wiki/Jaromir_Konecny
Sergei Nikolajewitsch Lasarew,männlich,https://de.wikipedia.org/wiki/Sergei_Nikolajewitsch_Lasarew
John Priscu,männlich,https://de.wikipedia.org/wiki/John_Priscu
Jutta Müller-Tamm,weiblich,https://de.wikipedia.org/wiki/Jutta_M%C3%BCller-Tamm
Ronny Zimmermann,männlich,https://de.wikipedia.org/wiki/Ronny_Zimmermann
Katharina Gsöllpointner,weiblich,https://de.wikipedia.org/wiki/Katharina_Gs%C3%B6llpointner
Kathrin M. Möslein,weiblich,https://de.wikipedia.org/wiki/Kathrin_M._M%C3%B6slein
Michael Peskin,männlich,https://de.wikipedia.org/wiki/Michael_Peskin
Klaus Kastberger,männlich,https://de.wikipedia.org/wiki/Klaus_Kastberger
Klaus von Storch,männlich,https://de.wikipedia.org/wiki/Klaus_von_Storch
Fouad Laroui,männlich,https://de.wikipedia.org/wiki/Fouad_Laroui
Sabine Holtz,weiblich,https://de.wikipedia.org/wiki/Sabine_Holtz
Manfred Angerer,männlich,https://de.wikipedia.org/wiki/Manfred_Angerer
Peter Mair,männlich,https://de.wikipedia.org/wiki/Peter_Mair
Irina Wladimirowna Lebedewa,weiblich,https://de.wikipedia.org/wiki/Irina_Wladimirowna_Lebedewa
Manfred Prenzel,männlich,https://de.wikipedia.org/wiki/Manfred_Prenzel
Manfred Prenzel,männlich,https://de.wikipedia.org/wiki/Manfred_Prenzel
Marc Mézard,männlich,https://de.wikipedia.org/wiki/Marc_M%C3%A9zard
Marco Jorio,männlich,https://de.wikipedia.org/wiki/Marco_Jorio
Mark Inglis,männlich,https://de.wikipedia.org/wiki/Mark_Inglis
Martin Dreher,männlich,https://de.wikipedia.org/wiki/Martin_Dreher
Martin Lücke,männlich,https://de.wikipedia.org/wiki/Martin_L%C3%BCcke
Martin Lücke,männlich,https://de.wikipedia.org/wiki/Martin_L%C3%BCcke
Martina Schattkowsky,weiblich,https://de.wikipedia.org/wiki/Martina_Schattkowsky
Miltos Pechlivanos,männlich,https://de.wikipedia.org/wiki/Miltos_Pechlivanos
Ali Wjatscheslaw Polossin,männlich,https://de.wikipedia.org/wiki/Ali_Wjatscheslaw_Sergejewitsch_Polossin
Nele Hackländer,weiblich,https://de.wikipedia.org/wiki/Nele_Hackl%C3%A4nder
Michail Pogosjan,männlich,https://de.wikipedia.org/wiki/Michail_Aslanowitsch_Pogosjan
Nikolaus Reisinger,männlich,https://de.wikipedia.org/wiki/Nikolaus_Reisinger
Paola Kaufmann,weiblich,https://de.wikipedia.org/wiki/Paola_Kaufmann
Peter König,männlich,https://de.wikipedia.org/wiki/Peter_K%C3%B6nig_(Richter)
Reinhard Jahn,männlich,https://de.wikipedia.org/wiki/Reinhard_Jahn_(Biologe)
Sebastian Zimmer,männlich,https://de.wikipedia.org/wiki/Sebastian_Zimmer
Silke Satjukow,weiblich,https://de.wikipedia.org/wiki/Silke_Satjukow
Simone Lässig,weiblich,https://de.wikipedia.org/wiki/Simone_L%C3%A4ssig
Stefan Erdmann,männlich,https://de.wikipedia.org/wiki/Stefan_Erdmann_(Autor)
Stefan Gradmann,männlich,https://de.wikipedia.org/wiki/Stefan_Gradmann
Stefan Karner,männlich,https://de.wikipedia.org/wiki/Stefan_Karner
Amrita Narlikar,weiblich,https://de.wikipedia.org/wiki/Amrita_Narlikar
Amy Webb,weiblich,https://de.wikipedia.org/wiki/Amy_Webb
Surya P. Subedi,männlich,https://de.wikipedia.org/wiki/Surya_P._Subedi
Susanne Fengler,weiblich,https://de.wikipedia.org/wiki/Susanne_Fengler
Thais Russomano,weiblich,https://de.wikipedia.org/wiki/Thais_Russomano
Thomas Aigner,männlich,https://de.wikipedia.org/wiki/Thomas_Aigner_(Historiker)
Thomas Bauer,männlich,https://de.wikipedia.org/wiki/Thomas_Bauer_(Arabist)
Thomas Bürger,männlich,https://de.wikipedia.org/wiki/Thomas_B%C3%BCrger
Thomas Bugnyar,männlich,https://de.wikipedia.org/wiki/Thomas_Bugnyar
Thorsten Quandt,männlich,https://de.wikipedia.org/wiki/Thorsten_Quandt
Tobias Esch,männlich,https://de.wikipedia.org/wiki/Tobias_Esch
Ursula Lehmkuhl,weiblich,https://de.wikipedia.org/wiki/Ursula_Lehmkuhl
Veit Krenn,männlich,https://de.wikipedia.org/wiki/Veit_Krenn
William M. Adams,männlich,https://de.wikipedia.org/wiki/William_M._Adams
Wolfgang Fiedler,männlich,https://de.wikipedia.org/wiki/Wolfgang_Fiedler_(Biologe)
Wolfgang Lutz,männlich,https://de.wikipedia.org/wiki/Wolfgang_Lutz_(Psychologe)
Piet Hut,männlich,https://de.wikipedia.org/wiki/Piet_Hut
Bill Nye,männlich,https://de.wikipedia.org/wiki/Bill_Nye
Jeffery Kelly,männlich,https://de.wikipedia.org/wiki/Jeffery_Kelly
Jennifer Aaker,weiblich,https://de.wikipedia.org/wiki/Jennifer_Aaker
Andrew Goldstein,männlich,https://de.wikipedia.org/wiki/Andrew_Goldstein
Camilla Stoltenberg,weiblich,https://de.wikipedia.org/wiki/Camilla_Stoltenberg
Shlomo Shamai,männlich,https://de.wikipedia.org/wiki/Shlomo_Shamai
Bogaletch Gebre,weiblich,https://de.wikipedia.org/wiki/Bogaletch_Gebre
Axel Cleeremans,männlich,https://de.wikipedia.org/wiki/Axel_Cleeremans
André Ourednik,männlich,https://de.wikipedia.org/wiki/Andr%C3%A9_Ourednik
Peter Turchin,männlich,https://de.wikipedia.org/wiki/Peter_Turchin
Carlos Moreno,männlich,https://de.wikipedia.org/wiki/Carlos_Moreno_(Urbanist)
Elmar Mock,männlich,https://de.wikipedia.org/wiki/Elmar_Mock
Sun Laiyan,männlich,https://de.wikipedia.org/wiki/Sun_Laiyan
Almut Leh,weiblich,https://de.wikipedia.org/wiki/Almut_Leh
Jan Wulf-Schnabel,männlich,https://de.wikipedia.org/wiki/Jan_Wulf-Schnabel
Thomas Ernst,männlich,https://de.wikipedia.org/wiki/Thomas_Ernst_(Schriftsteller)
Brené Brown,weiblich,https://de.wikipedia.org/wiki/Bren%C3%A9_Brown
Lena Liepe,weiblich,https://de.wikipedia.org/wiki/Lena_Liepe
Karim R. Lakhani,männlich,https://de.wikipedia.org/wiki/Karim_R._Lakhani
Kate Crawford,weiblich,https://de.wikipedia.org/wiki/Kate_Crawford
Kate Orff,weiblich,https://de.wikipedia.org/wiki/Kate_Orff
Kasbek Chasbijewitsch Pagijew,männlich,https://de.wikipedia.org/wiki/Kasbek_Chasbijewitsch_Pagijew
Cato T. Laurencin,männlich,https://de.wikipedia.org/wiki/Cato_T._Laurencin
Christopher Field,männlich,https://de.wikipedia.org/wiki/Christopher_Field
Costas N. Papanicolas,männlich,https://de.wikipedia.org/wiki/Costas_N._Papanicolas
Calestous Juma,männlich,https://de.wikipedia.org/wiki/Calestous_Juma
Charles Spence,männlich,https://de.wikipedia.org/wiki/Charles_Spence
Ken Mogi,männlich,https://de.wikipedia.org/wiki/Ken_Mogi
George M. Church,männlich,https://de.wikipedia.org/wiki/George_M._Church_(Molekularbiologe)
Lluís Quintana-Murci,männlich,https://de.wikipedia.org/wiki/Lluis_Quintana-Murci
Jean Claude Ameisen,männlich,https://de.wikipedia.org/wiki/Jean_Claude_Ameisen
Frederik Paulsen,männlich,https://de.wikipedia.org/wiki/Frederik_Paulsen_(Chemiker)
Olga Anatoljewna Uskowa,weiblich,https://de.wikipedia.org/wiki/Olga_Anatoljewna_Uskowa
Firdaus Chissamitdinowa,weiblich,https://de.wikipedia.org/wiki/Firdaus_Gilmitdinowna_Chissamitdinowa
David Vanderbilt,männlich,https://de.wikipedia.org/wiki/David_Vanderbilt
Dirk Brockmann,männlich,https://de.wikipedia.org/wiki/Dirk_Brockmann
Mark Z. Jacobson,männlich,https://de.wikipedia.org/wiki/Mark_Z._Jacobson
Tessy Thomas,weiblich,https://de.wikipedia.org/wiki/Tessy_Thomas
Valérie Masson-Delmotte,weiblich,https://de.wikipedia.org/wiki/Val%C3%A9rie_Masson-Delmotte
Vincent Croquette,männlich,https://de.wikipedia.org/wiki/Vincent_Croquette
Alexander Pawlow,männlich,https://de.wikipedia.org/wiki/Alexander_Pawlow_(Politiker)
Martin Simonson,männlich,https://de.wikipedia.org/wiki/Martin_Simonson
Fernanda Viégas,weiblich,https://de.wikipedia.org/wiki/Fernanda_Vi%C3%A9gas
Jarkko Tontti,männlich,https://de.wikipedia.org/wiki/Jarkko_Tontti
Frank Vollertsen,männlich,https://de.wikipedia.org/wiki/Frank_Vollertsen
Gabriel Leung,männlich,https://de.wikipedia.org/wiki/Gabriel_Leung
Stefan Brink,männlich,https://de.wikipedia.org/wiki/Stefan_Brink_(Philologe)
William Eskridge,männlich,https://de.wikipedia.org/wiki/William_N._Eskridge
Yair Galily,männlich,https://de.wikipedia.org/wiki/Yair_Galily
Youxin Yang,weiblich,https://de.wikipedia.org/wiki/Youxin_Yang
Bao Weimin,männlich,https://de.wikipedia.org/wiki/Bao_Weimin
Michihiro Kandori,männlich,https://de.wikipedia.org/wiki/Michihiro_Kandori
Michael Werikhe,männlich,https://de.wikipedia.org/wiki/Michael_Werikhe
Miriam Butt,weiblich,https://de.wikipedia.org/wiki/Miriam_Butt
Nets Katz,männlich,https://de.wikipedia.org/wiki/Nets_Katz
Nandini Nimbkar,weiblich,https://de.wikipedia.org/wiki/Nandini_Nimbkar
Kostjantyn Sihow,männlich,https://de.wikipedia.org/wiki/Kostjantyn_Sihow
Olga Speranskaya,weiblich,https://de.wikipedia.org/wiki/Olga_Alexandrowna_Speranskaja
Raymond Laflamme,männlich,https://de.wikipedia.org/wiki/Raymond_Laflamme
Mead Treadwell,männlich,https://de.wikipedia.org/wiki/Mead_Treadwell
Howard A. Stone,männlich,https://de.wikipedia.org/wiki/Howard_A._Stone
Rosina M. Bierbaum,weiblich,https://de.wikipedia.org/wiki/Rosina_M._Bierbaum
Sauro Succi,männlich,https://de.wikipedia.org/wiki/Sauro_Succi
Shiva Ayyadurai,männlich,https://de.wikipedia.org/wiki/Shiva_Ayyadurai
Humud bin Abbas al-Muʾayyad,männlich,https://de.wikipedia.org/wiki/Humud_bin_Abbas_al-Mu%CA%BEayyad
Waleri Nikolajewitsch Falkow,männlich,https://de.wikipedia.org/wiki/Waleri_Nikolajewitsch_Falkow
Nikolaj Petrow,männlich,https://de.wikipedia.org/wiki/Nikolaj_Petrow_(Politiker)
Cristina Mittermeier,weiblich,https://de.wikipedia.org/wiki/Cristina_Mittermeier
Stephanie Wehner,weiblich,https://de.wikipedia.org/wiki/Stephanie_Wehner
Stephen W. Scherer,männlich,https://de.wikipedia.org/wiki/Stephen_W._Scherer
Subir Sachdev,männlich,https://de.wikipedia.org/wiki/Subir_Sachdev
Ingeborg Hochmair-Desoyer,weiblich,https://de.wikipedia.org/wiki/Ingeborg_Hochmair-Desoyer
Thomas F. Stocker,männlich,https://de.wikipedia.org/wiki/Thomas_Stocker
Tim Samaras,männlich,https://de.wikipedia.org/wiki/Tim_Samaras
Harriet A. Washington,weiblich,https://de.wikipedia.org/wiki/Harriet_Washington
Thomas Gregor,männlich,https://de.wikipedia.org/wiki/Thomas_Gregor
David Kirk,männlich,https://de.wikipedia.org/wiki/David_B._Kirk
Victor Moll,männlich,https://de.wikipedia.org/wiki/Victor_Moll
Wilfried Elmenreich,männlich,https://de.wikipedia.org/wiki/Wilfried_Elmenreich
Sandra Myrna Díaz,weiblich,https://de.wikipedia.org/wiki/Sandra_Myrna_D%C3%ADaz
Nadeschda Andrejewna Tschertowa,weiblich,https://de.wikipedia.org/wiki/Nadeschda_Andrejewna_Tschertowa
Marylène Patou-Mathis,weiblich,https://de.wikipedia.org/wiki/Maryl%C3%A8ne_Patou-Mathis
Thomas Henle,männlich,https://de.wikipedia.org/wiki/Thomas_Henle
Christoph Gengnagel,männlich,https://de.wikipedia.org/wiki/Christoph_Gengnagel
Carlos Barbas,männlich,https://de.wikipedia.org/wiki/Carlos_Barbas
Hisham Nashabeh,männlich,https://de.wikipedia.org/wiki/Hisham_Nashabeh
Claudia Banz,weiblich,https://de.wikipedia.org/wiki/Claudia_Banz
Jens Schröter,männlich,https://de.wikipedia.org/wiki/Jens_Schr%C3%B6ter_(Medienwissenschaftler)
Volkhard Krech,männlich,https://de.wikipedia.org/wiki/Volkhard_Krech
Werner Konold,männlich,https://de.wikipedia.org/wiki/Werner_Konold
Sabira Ståhlberg,weiblich,https://de.wikipedia.org/wiki/Sabira_St%C3%A5hlberg
Cécile La Grenade,weiblich,https://de.wikipedia.org/wiki/C%C3%A9cile_La_Grenade
Stephan Hoppe,männlich,https://de.wikipedia.org/wiki/Stephan_Hoppe
Friedrich Glauner,männlich,https://de.wikipedia.org/wiki/Friedrich_Glauner
Peter Kenning,männlich,https://de.wikipedia.org/wiki/Peter_Kenning
Denis Le Bihan,männlich,https://de.wikipedia.org/wiki/Denis_Le_Bihan
Natalja Petrowna Alexandrowitsch,weiblich,https://de.wikipedia.org/wiki/Natalija_Petrowna_Alexandrowitsch
Erika Jensen-Jarolim,weiblich,https://de.wikipedia.org/wiki/Erika_Jensen-Jarolim
Damaris Nübling,weiblich,https://de.wikipedia.org/wiki/Damaris_N%C3%BCbling
Alex Kontorovich,männlich,https://de.wikipedia.org/wiki/Alex_Kontorovich
Dirk Ifenthaler,männlich,https://de.wikipedia.org/wiki/Dirk_Ifenthaler
Emmanuelle Charpentier,weiblich,https://de.wikipedia.org/wiki/Emmanuelle_Charpentier
Mark S. Lundstrom,männlich,https://de.wikipedia.org/wiki/Mark_S._Lundstrom
Monica Olvera de la Cruz,weiblich,https://de.wikipedia.org/wiki/Monica_Olvera_de_la_Cruz
Peter Becker,männlich,https://de.wikipedia.org/wiki/Peter_Becker_(Historiker)
Andreas Fickers,männlich,https://de.wikipedia.org/wiki/Andreas_Fickers
Märija Omarowa,weiblich,https://de.wikipedia.org/wiki/M%C3%A4rija_Omarowa
Adah Almutairi,weiblich,https://de.wikipedia.org/wiki/Adah_Almutairi
Charles Lee,männlich,https://de.wikipedia.org/wiki/Charles_Lee_(Genetiker)
Fei-Fei Li,weiblich,https://de.wikipedia.org/wiki/Fei-Fei_Li
Jutta Röser,weiblich,https://de.wikipedia.org/wiki/Jutta_R%C3%B6ser
Martin Jinek,männlich,https://de.wikipedia.org/wiki/Martin_Jinek
Daniel J. Drucker,männlich,https://de.wikipedia.org/wiki/Daniel_J._Drucker
Aglaée Degros,weiblich,https://de.wikipedia.org/wiki/Agla%C3%A9e_Degros
Igor Michailowitsch Tschubarow,männlich,https://de.wikipedia.org/wiki/Igor_Michailowitsch_Tschubarow
Dieter D. Genske,männlich,https://de.wikipedia.org/wiki/Dieter_D._Genske
Martin Langner,männlich,https://de.wikipedia.org/wiki/Martin_Langner
Susanne Rau,weiblich,https://de.wikipedia.org/wiki/Susanne_Rau
Nils Röller,männlich,https://de.wikipedia.org/wiki/Nils_R%C3%B6ller
Rainer Pöttgen,männlich,https://de.wikipedia.org/wiki/Rainer_P%C3%B6ttgen
Esther Gajek,weiblich,https://de.wikipedia.org/wiki/Esther_Gajek
Derek Muller,männlich,https://de.wikipedia.org/wiki/Derek_Muller
Malte Rehbein,männlich,https://de.wikipedia.org/wiki/Malte_Rehbein
Thomas Jüstel,männlich,https://de.wikipedia.org/wiki/Thomas_J%C3%BCstel
Susanne Pfeffer,weiblich,https://de.wikipedia.org/wiki/Susanne_Pfeffer
Wolfgang Weitnauer,männlich,https://de.wikipedia.org/wiki/Wolfgang_Weitnauer
Hakima El Haite,weiblich,https://de.wikipedia.org/wiki/Hakima_El_Hait%C3%A9
Robert Gramsch,männlich,https://de.wikipedia.org/wiki/Robert_Gramsch
Robert-Jan Smits,männlich,https://de.wikipedia.org/wiki/Robert-Jan_Smits
Ronny Rößler,männlich,https://de.wikipedia.org/wiki/Ronny_R%C3%B6%C3%9Fler
Rudolf Grünig,männlich,https://de.wikipedia.org/wiki/Rudolf_Gr%C3%BCnig
Sean Hartnoll,männlich,https://de.wikipedia.org/wiki/Sean_Hartnoll
Heiner Fangerau,männlich,https://de.wikipedia.org/wiki/Heiner_Fangerau
Pol D. Spanos,männlich,https://de.wikipedia.org/wiki/Pol_D._Spanos
Alexander Wladimirowitsch Antonow,männlich,https://de.wikipedia.org/wiki/Alexander_Wladimirowitsch_Antonow
Hans Dickel,männlich,https://de.wikipedia.org/wiki/Hans_Dickel
Henrik Lund,männlich,https://de.wikipedia.org/wiki/Henrik_Lund_(Ingenieurwissenschaftler)
Mareike König,weiblich,https://de.wikipedia.org/wiki/Mareike_K%C3%B6nig
Anat Berko,weiblich,https://de.wikipedia.org/wiki/Anat_Berko
Markus Löffler,männlich,https://de.wikipedia.org/wiki/Markus_L%C3%B6ffler_(Biometriker)
Alexei Leonidowitsch Rastorgujew,männlich,https://de.wikipedia.org/wiki/Alexei_Leonidowitsch_Rastorgujew
Smita Nair Jain,weiblich,https://de.wikipedia.org/wiki/Smita_Nair_Jain
Deborah Persaud,weiblich,https://de.wikipedia.org/wiki/Deborah_Persaud
Annalena Schmidt,weiblich,https://de.wikipedia.org/wiki/Annalena_Schmidt
Christian Rapp,männlich,https://de.wikipedia.org/wiki/Christian_Rapp_(Autor)
Miroslav Rudenko,männlich,https://de.wikipedia.org/wiki/Myroslaw_Rudenko
Gabriela González,weiblich,https://de.wikipedia.org/wiki/Gabriela_Gonz%C3%A1lez
Raphael Rosenberg,männlich,https://de.wikipedia.org/wiki/Raphael_Rosenberg
Cavanşir Feyziyev,männlich,https://de.wikipedia.org/wiki/Cavan%C5%9Fir_Feyziyev
Carsten Reinemann,männlich,https://de.wikipedia.org/wiki/Carsten_Reinemann
Cláudia Sousa,weiblich,https://de.wikipedia.org/wiki/Cl%C3%A1udia_Sousa
Burkhard Dick,männlich,https://de.wikipedia.org/wiki/Burkhard_Dick
Gertraud Koch,weiblich,https://de.wikipedia.org/wiki/Gertraud_Koch
Thomas Kremer,männlich,https://de.wikipedia.org/wiki/Thomas_Kremer_(Theologe)
Hans-Jürgen Butt,männlich,https://de.wikipedia.org/wiki/Hans-J%C3%BCrgen_Butt
Nurija Munirowna Aktschurina-Muftijewa,weiblich,https://de.wikipedia.org/wiki/Nurija_Munirowna_Aktschurina-Muftijewa
Kristin Shi-Kupfer,weiblich,https://de.wikipedia.org/wiki/Kristin_Shi-Kupfer
Mary O’Kane,weiblich,https://de.wikipedia.org/wiki/Mary_O%E2%80%99Kane
Nadeschda Jewgenjewna Ablowa,weiblich,https://de.wikipedia.org/wiki/Nadeschda_Jewgenjewna_Ablowa
Josef Lutz,männlich,https://de.wikipedia.org/wiki/Josef_Lutz_(Elektrotechniker)
Abdurahim Rahimow,männlich,https://de.wikipedia.org/wiki/Abdurahim_Rahimow
Saidmukaram Abdukodirsoda,männlich,https://de.wikipedia.org/wiki/Saidmukarram_Abduqodirsoda
Wenzel Matiaske,männlich,https://de.wikipedia.org/wiki/Wenzel_Matiaske
Rob Knight,männlich,https://de.wikipedia.org/wiki/Rob_Knight
Lewis Dartnell,männlich,https://de.wikipedia.org/wiki/Lewis_Dartnell
Alexander Rudolfowitsch Artemjew,männlich,https://de.wikipedia.org/wiki/Alexander_Rudolfowitsch_Artemjew
Anupama Kundoo,weiblich,https://de.wikipedia.org/wiki/Anupama_Kundoo
Andrea Büttner,weiblich,https://de.wikipedia.org/wiki/Andrea_B%C3%BCttner_(Lebensmittelchemikerin)
Anne Baillot,weiblich,https://de.wikipedia.org/wiki/Anne_Baillot
Brigitte Weingart,weiblich,https://de.wikipedia.org/wiki/Brigitte_Weingart
Jana Osterkamp,weiblich,https://de.wikipedia.org/wiki/Jana_Osterkamp
Janet G. Hering,weiblich,https://de.wikipedia.org/wiki/Janet_Hering
Katharina Morik,weiblich,https://de.wikipedia.org/wiki/Katharina_Morik
Catrin Misselhorn,weiblich,https://de.wikipedia.org/wiki/Catrin_Misselhorn
Sabine Hossenfelder,weiblich,https://de.wikipedia.org/wiki/Sabine_Hossenfelder
Iain Couzin,männlich,https://de.wikipedia.org/wiki/Iain_Couzin
Gerhard Medicus,männlich,https://de.wikipedia.org/wiki/Gerhard_Medicus
Fotis Jannidis,männlich,https://de.wikipedia.org/wiki/Fotis_Jannidis
Katharina Zweig,weiblich,https://de.wikipedia.org/wiki/Katharina_Zweig
Kamil Sämiğullin,männlich,https://de.wikipedia.org/wiki/Kamil_Samigullin
Gerhard Donhauser,männlich,https://de.wikipedia.org/wiki/Gerhard_Donhauser
Jens Beck,männlich,https://de.wikipedia.org/wiki/Jens_Beck
Kerstin Wolff,weiblich,https://de.wikipedia.org/wiki/Kerstin_Wolff
Christian Hoffmeister,männlich,https://de.wikipedia.org/wiki/Christian_Hoffmeister_(Kommunikationswissenschaftler)
Ulrich Busch,männlich,https://de.wikipedia.org/wiki/Ulrich_Busch_(Finanzwissenschaftler)
Maciej Żukowski,männlich,https://de.wikipedia.org/wiki/Maciej_%C5%BBukowski
Jochen Strobel,männlich,https://de.wikipedia.org/wiki/Jochen_Strobel
Thomas M. Ertl,männlich,https://de.wikipedia.org/wiki/Thomas_Ertl_(Informatiker)
Gerhard Furtmüller,männlich,https://de.wikipedia.org/wiki/Gerhard_Furtm%C3%BCller
Wolfram Dornik,männlich,https://de.wikipedia.org/wiki/Wolfram_Dornik
K. Sivan,männlich,https://de.wikipedia.org/wiki/K._Sivan
Gerald Köhler,männlich,https://de.wikipedia.org/wiki/Gerald_K%C3%B6hler_(Theaterwissenschaftler)
Alexander Barvinok,männlich,https://de.wikipedia.org/wiki/Alexander_Barvinok
Martin Warnke,männlich,https://de.wikipedia.org/wiki/Martin_Warnke_(Informatiker)
Hannah Fry,weiblich,https://de.wikipedia.org/wiki/Hannah_Fry
Grégoire Courtine,männlich,https://de.wikipedia.org/wiki/Gr%C3%A9goire_Courtine
Manfred Thaller,männlich,https://de.wikipedia.org/wiki/Manfred_Thaller
Christian von Zimmermann,männlich,https://de.wikipedia.org/wiki/Christian_von_Zimmermann
Christian von Zimmermann,männlich,https://de.wikipedia.org/wiki/Christian_von_Zimmermann
Iris Gräßler,weiblich,https://de.wikipedia.org/wiki/Iris_Gr%C3%A4%C3%9Fler
Bruce M. Spiegelman,männlich,https://de.wikipedia.org/wiki/Bruce_M._Spiegelman
Soumya Swaminathan,weiblich,https://de.wikipedia.org/wiki/Soumya_Swaminathan
Äli Bektajew,männlich,https://de.wikipedia.org/wiki/%C3%84li_Bektajew
Martin Munke,männlich,https://de.wikipedia.org/wiki/Martin_Munke
Anna Minta,weiblich,https://de.wikipedia.org/wiki/Anna_Minta
Heike Gfrereis,weiblich,https://de.wikipedia.org/wiki/Heike_Gfrereis
Birgit Kamm,weiblich,https://de.wikipedia.org/wiki/Birgit_Kamm
Lisa Tauxe,weiblich,https://de.wikipedia.org/wiki/Lisa_Tauxe
Jaroslaw Januschewytsch,männlich,https://de.wikipedia.org/wiki/Jaroslaw_Januschewytsch
Leticia González,weiblich,https://de.wikipedia.org/wiki/Leticia_Gonz%C3%A1lez
Jens Kirsten,männlich,https://de.wikipedia.org/wiki/Jens_Kirsten
Sanawbar Tagajewa,weiblich,https://de.wikipedia.org/wiki/Sanawbar_Tagajewa
Christoph Kühberger,männlich,https://de.wikipedia.org/wiki/Christoph_K%C3%BChberger
Alice Bows-Larkin,weiblich,https://de.wikipedia.org/wiki/Alice_Larkin
Paolo Mercorelli,männlich,https://de.wikipedia.org/wiki/Paolo_Mercorelli
Linda Koo,weiblich,https://de.wikipedia.org/wiki/Linda_Koo
Bruce Carlsten,männlich,https://de.wikipedia.org/wiki/Bruce_Carlsten
Jekaterina Georgijewna Dewlet,weiblich,https://de.wikipedia.org/wiki/Jekaterina_Georgijewna_Dewlet
Stephen Marshak,männlich,https://de.wikipedia.org/wiki/Stephen_Marshak
Henrieke Stahl,weiblich,https://de.wikipedia.org/wiki/Henrieke_Stahl
Meike Hopp,weiblich,https://de.wikipedia.org/wiki/Meike_Hopp
Marta Soler-Gallart,weiblich,https://de.wikipedia.org/wiki/Marta_Soler_Gallart
Sebastian Koltzenburg,männlich,https://de.wikipedia.org/wiki/Sebastian_Koltzenburg
Nathalia Holt,weiblich,https://de.wikipedia.org/wiki/Nathalia_Holt
Sophie Warny,weiblich,https://de.wikipedia.org/wiki/Sophie_Warny
Rafael Buschmann,männlich,https://de.wikipedia.org/wiki/Rafael_Buschmann
Marek Hilšer,männlich,https://de.wikipedia.org/wiki/Marek_Hil%C5%A1er
Michael Blume,männlich,https://de.wikipedia.org/wiki/Michael_Blume
Oksana Wiktorowna Lunina,weiblich,https://de.wikipedia.org/wiki/Oksana_Wiktorowna_Lunina
Ulrike Peter,weiblich,https://de.wikipedia.org/wiki/Ulrike_Peter
Heather Zar,weiblich,https://de.wikipedia.org/wiki/Heather_Zar
Thomas Thum,männlich,https://de.wikipedia.org/wiki/Thomas_Thum
Hary Gunarto,männlich,https://de.wikipedia.org/wiki/Hary_Gunarto
Benjamin Gleede,männlich,https://de.wikipedia.org/wiki/Benjamin_Gleede
Aleksander Berentsen,männlich,https://de.wikipedia.org/wiki/Aleksander_Berentsen
Amy Edmondson,weiblich,https://de.wikipedia.org/wiki/Amy_Edmondson
Harald Sack,männlich,https://de.wikipedia.org/wiki/Harald_Sack
Markus Pössel,männlich,https://de.wikipedia.org/wiki/Markus_P%C3%B6ssel
Naila Mussajewa,weiblich,https://de.wikipedia.org/wiki/Naila_Mussajewa
Daniel Janies,männlich,https://de.wikipedia.org/wiki/Daniel_Janies
Jorit Wintjes,männlich,https://de.wikipedia.org/wiki/Jorit_Wintjes
Malte Hagener,männlich,https://de.wikipedia.org/wiki/Malte_Hagener
Waleri Andrejewitsch Ponomarjow,männlich,https://de.wikipedia.org/wiki/Waleri_Andrejewitsch_Ponomarjow
Johann Kindl,männlich,https://de.wikipedia.org/wiki/Johann_Kindl
Matthias Maurer,männlich,https://de.wikipedia.org/wiki/Matthias_Maurer
Stefan Höltgen,männlich,https://de.wikipedia.org/wiki/Stefan_H%C3%B6ltgen
Fatima Denton,weiblich,https://de.wikipedia.org/wiki/Fatima_Denton
Greta Patzke,weiblich,https://de.wikipedia.org/wiki/Greta_Patzke
Ljudmila Pawlowna Kasanzewa,weiblich,https://de.wikipedia.org/wiki/Ljudmila_Pawlowna_Kasanzewa
Wjatscheslaw Genijewitsch Rumynin,männlich,https://de.wikipedia.org/wiki/Wjatscheslaw_Genijewitsch_Rumynin
Sabine Vollstädt-Klein,weiblich,https://de.wikipedia.org/wiki/Sabine_Vollst%C3%A4dt-Klein
Andreas Maier,männlich,https://de.wikipedia.org/wiki/Andreas_Maier_(Informatiker)
Andreas Zirlik,männlich,https://de.wikipedia.org/wiki/Andreas_Zirlik
Hans-Otto Pörtner,männlich,https://de.wikipedia.org/wiki/Hans-Otto_P%C3%B6rtner
Markus Reichstein,männlich,https://de.wikipedia.org/wiki/Markus_Reichstein
Kim Cobb,weiblich,https://de.wikipedia.org/wiki/Kim_Cobb
Teresa K. Woodruff,weiblich,https://de.wikipedia.org/wiki/Teresa_K._Woodruff
Betina Hollstein,weiblich,https://de.wikipedia.org/wiki/Betina_Hollstein
Ivo Zell,männlich,https://de.wikipedia.org/wiki/Ivo_Zell
Sigrid Schmitz,weiblich,https://de.wikipedia.org/wiki/Sigrid_Schmitz
Angela Casini,weiblich,https://de.wikipedia.org/wiki/Angela_Casini
Alexander Brem,männlich,https://de.wikipedia.org/wiki/Alexander_Brem_(Wirtschaftswissenschaftler)
Maxim Alexandrowitsch Lasarew,männlich,https://de.wikipedia.org/wiki/Maxim_Alexandrowitsch_Lasarew
Guillermo Restrepo,männlich,https://de.wikipedia.org/wiki/Guillermo_Restrepo
Sarah al-Amiri,weiblich,https://de.wikipedia.org/wiki/Sarah_al-Amiri
Chris Ferrie,männlich,https://de.wikipedia.org/wiki/Chris_Ferrie
Andrea Weiss,weiblich,https://de.wikipedia.org/wiki/Andrea_Weiss
Fatima Abissalowna Jelojewa,weiblich,https://de.wikipedia.org/wiki/Fatima_Abissalowna_Jelojewa
Irina Anatoljewna Umnowa,weiblich,https://de.wikipedia.org/wiki/Irina_Anatoljewna_Umnowa
Eyke Hüllermeier,männlich,https://de.wikipedia.org/wiki/Eyke_H%C3%BCllermeier
Swetlana Borissowna Adaksina,weiblich,https://de.wikipedia.org/wiki/Swetlana_Borissowna_Adaksina
Alice Bowman,weiblich,https://de.wikipedia.org/wiki/Alice_Bowman
Gerhard Hotze,männlich,https://de.wikipedia.org/wiki/Gerhard_Hotze
Seymur Nasirov,männlich,https://de.wikipedia.org/wiki/Seymur_Nasirov
Georg Vogeler,männlich,https://de.wikipedia.org/wiki/Georg_Vogeler
Natallja Karpowitsch,weiblich,https://de.wikipedia.org/wiki/Natallja_Karpowitsch
Sabine Süsstrunk,weiblich,https://de.wikipedia.org/wiki/Sabine_S%C3%BCsstrunk
Markus A. Höllerer,männlich,https://de.wikipedia.org/wiki/Markus_A._H%C3%B6llerer
Ljubow Iwanowna Gontscharenko,weiblich,https://de.wikipedia.org/wiki/Ljubow_Iwanowna_Gontscharenko
Ljubow Iwanowna Gontscharenko,männlich,https://de.wikipedia.org/wiki/Ljubow_Iwanowna_Gontscharenko
Saadat Aliyeva,weiblich,https://de.wikipedia.org/wiki/S%C9%99ad%C9%99t_%C6%8Fliyeva
Vali Baxşəliyev,männlich,https://de.wikipedia.org/wiki/Vali_Bax%C5%9F%C9%99liyev
Xiaoxiang Zhu,weiblich,https://de.wikipedia.org/wiki/Zhu_Xiaoxiang
Silvia Kutscher,weiblich,https://de.wikipedia.org/wiki/Silvia_Kutscher
Alexander Lasch,männlich,https://de.wikipedia.org/wiki/Alexander_Lasch
David G. Schatz,männlich,https://de.wikipedia.org/wiki/David_G._Schatz
Andrea Volkamer,weiblich,https://de.wikipedia.org/wiki/Andrea_Volkamer
Alexander P. Hansen,männlich,https://de.wikipedia.org/wiki/Alexander_P._Hansen
Daniel Kölligan,männlich,https://de.wikipedia.org/wiki/Daniel_K%C3%B6lligan
Julia Ebner,weiblich,https://de.wikipedia.org/wiki/Julia_Ebner
Artur R. Boelderl,männlich,https://de.wikipedia.org/wiki/Artur_R._Boelderl
Günther Bachmann,männlich,https://de.wikipedia.org/wiki/G%C3%BCnther_Bachmann
Anna Christmann,weiblich,https://de.wikipedia.org/wiki/Anna_Christmann
Galina Sergejewna Panowa,weiblich,https://de.wikipedia.org/wiki/Galina_Sergejewna_Panowa
Daniel A. Levinthal,männlich,https://de.wikipedia.org/wiki/Daniel_A._Levinthal
Howard Haber,männlich,https://de.wikipedia.org/wiki/Howard_Haber
Erle C. Ellis,männlich,https://de.wikipedia.org/wiki/Erle_C._Ellis
Erle C. Ellis,männlich,https://de.wikipedia.org/wiki/Erle_C._Ellis
Dirk Wicke,männlich,https://de.wikipedia.org/wiki/Dirk_Wicke
David Ginsburg,männlich,https://de.wikipedia.org/wiki/David_Ginsburg_(Mediziner)
Jelena Nikolajewna Temerewa,weiblich,https://de.wikipedia.org/wiki/Jelena_Nikolajewna_Temerewa
Lill Tove Fredriksen,weiblich,https://de.wikipedia.org/wiki/Lill_Tove_Fredriksen
Nigel Goldenfeld,männlich,https://de.wikipedia.org/wiki/Nigel_Goldenfeld
Hanno Steckel,männlich,https://de.wikipedia.org/wiki/Hanno_Steckel
Melissa Bateson,weiblich,https://de.wikipedia.org/wiki/Melissa_Bateson
Melissa Bateson,weiblich,https://de.wikipedia.org/wiki/Melissa_Bateson
Erhard Hinrichs,männlich,https://de.wikipedia.org/wiki/Erhard_Hinrichs
Michael Gertz,männlich,https://de.wikipedia.org/wiki/Michael_Gertz
Daniel Memmert,männlich,https://de.wikipedia.org/wiki/Daniel_Memmert
Felix Klaus Maier,männlich,https://de.wikipedia.org/wiki/Felix_K._Maier
Taras Panteleimonowitsch Poljakow,männlich,https://de.wikipedia.org/wiki/Taras_Panteleimonowitsch_Poljakow
Gerald Schwedler,männlich,https://de.wikipedia.org/wiki/Gerald_Schwedler
Christof Schöch,männlich,https://de.wikipedia.org/wiki/Christof_Sch%C3%B6ch
Gitanjali Rao,weiblich,https://de.wikipedia.org/wiki/Gitanjali_Rao
Torsten Schrade,männlich,https://de.wikipedia.org/wiki/Torsten_Schrade
Ernesto William De Luca,männlich,https://de.wikipedia.org/wiki/Ernesto_William_De_Luca
Ludwig Elle,männlich,https://de.wikipedia.org/wiki/Ludwig_Elle
Ulrike Wuttke,weiblich,https://de.wikipedia.org/wiki/Ulrike_Wuttke
Peter Falkai,männlich,https://de.wikipedia.org/wiki/Peter_Falkai
Magnus Pfeffer,männlich,https://de.wikipedia.org/wiki/Magnus_Pfeffer
Stephanie C. Werner,weiblich,https://de.wikipedia.org/wiki/Stephanie_C._Werner
Kai-Christian Bruhn,männlich,https://de.wikipedia.org/wiki/Kai-Christian_Bruhn
Karsten Brensing,männlich,https://de.wikipedia.org/wiki/Karsten_Brensing
Nicole Mayer-Ahuja,weiblich,https://de.wikipedia.org/wiki/Nicole_Mayer-Ahuja
Ken Seddon,männlich,https://de.wikipedia.org/wiki/Ken_Seddon
Klaus Peter Jantke,männlich,https://de.wikipedia.org/wiki/Klaus_Peter_Jantke
Helmut Küchenhoff,männlich,https://de.wikipedia.org/wiki/Helmut_K%C3%BCchenhoff
Asifa Akhtar,weiblich,https://de.wikipedia.org/wiki/Asifa_Akhtar
Anne A. Gershon,weiblich,https://de.wikipedia.org/wiki/Anne_A._Gershon
Witold Abramowicz,männlich,https://de.wikipedia.org/wiki/Witold_Abramowicz
Élisabeth Décultot,weiblich,https://de.wikipedia.org/wiki/%C3%89lisabeth_D%C3%A9cultot
Felisa A. Smith,weiblich,https://de.wikipedia.org/wiki/Felisa_A._Smith
Anthony B. Rylands,männlich,https://de.wikipedia.org/wiki/Anthony_B._Rylands
Luciano Rezzolla,männlich,https://de.wikipedia.org/wiki/Luciano_Rezzolla
Valerie Saena Tuia,weiblich,https://de.wikipedia.org/wiki/Valerie_Saena_Tuia
Damian Läge,männlich,https://de.wikipedia.org/wiki/Damian_L%C3%A4ge
Rachel Heuberger,weiblich,https://de.wikipedia.org/wiki/Rachel_Heuberger
Alon Orlitsky,männlich,https://de.wikipedia.org/wiki/Alon_Orlitsky
Yifeng Liu,männlich,https://de.wikipedia.org/wiki/Yifeng_Liu
Philippe Schmitt-Kopplin,männlich,https://de.wikipedia.org/wiki/Philippe_Schmitt-Kopplin
Daniel Hans Rapoport,männlich,https://de.wikipedia.org/wiki/Daniel_Hans_Rapoport
Xavier Ros-Oton,männlich,https://de.wikipedia.org/wiki/Xavier_Ros-Oton
Tumani Corrah,männlich,https://de.wikipedia.org/wiki/Tumani_Corrah
Angelika Schnieke,weiblich,https://de.wikipedia.org/wiki/Angelika_Schnieke
Michaela Geierhos,weiblich,https://de.wikipedia.org/wiki/Michaela_Geierhos
Reinette Biggs,weiblich,https://de.wikipedia.org/wiki/Reinette_Biggs
Inés Camilloni,weiblich,https://de.wikipedia.org/wiki/In%C3%A9s_Camilloni
Alexander Kirillowitsch Taganzew,männlich,https://de.wikipedia.org/wiki/Alexander_Kirillowitsch_Taganzew
Peter Valent,männlich,https://de.wikipedia.org/wiki/Peter_Valent
Peter Valent,männlich,https://de.wikipedia.org/wiki/Peter_Valent
Hauke Bartels,männlich,https://de.wikipedia.org/wiki/Hauke_Bartels
Hauke Bartels,männlich,https://de.wikipedia.org/wiki/Hauke_Bartels
Ann Tsukamoto,weiblich,https://de.wikipedia.org/wiki/Ann_Tsukamoto
Johannes Haybäck,männlich,https://de.wikipedia.org/wiki/Johannes_Hayb%C3%A4ck
Aromar Revi,männlich,https://de.wikipedia.org/wiki/Aromar_Revi
Zeynep Akata,weiblich,https://de.wikipedia.org/wiki/Zeynep_Akata
Félicitas Hillmann,weiblich,https://de.wikipedia.org/wiki/Felicitas_Hillmann
Kate Marvel,weiblich,https://de.wikipedia.org/wiki/Kate_Marvel
Katherine Smart,weiblich,https://de.wikipedia.org/wiki/Katherine_Smart
Tatjana Nikolajewna Alexandrowa,weiblich,https://de.wikipedia.org/wiki/Tatjana_Nikolajewna_Alexandrowa
Olga Wladimirowna Gretschkina,weiblich,https://de.wikipedia.org/wiki/Olga_Wladimirowna_Gretschkina
Klemen Grošelj,männlich,https://de.wikipedia.org/wiki/Klemen_Gro%C5%A1elj
Andreas B. Imhoff,männlich,https://de.wikipedia.org/wiki/Andreas_B._Imhoff
Theodoros Triantafyllidis,männlich,https://de.wikipedia.org/wiki/Theodoros_Triantafyllidis
Roland S. Kamzelak,männlich,https://de.wikipedia.org/wiki/Roland_S._Kamzelak
Marion Müller,weiblich,https://de.wikipedia.org/wiki/Marion_M%C3%BCller
Rae Kwon Chung,männlich,https://de.wikipedia.org/wiki/Rae_Kwon_Chung
Tilman Spohn,männlich,https://de.wikipedia.org/wiki/Tilman_Spohn
Sabine Kliesch,weiblich,https://de.wikipedia.org/wiki/Sabine_Kliesch
Angelika Storrer,weiblich,https://de.wikipedia.org/wiki/Angelika_Storrer
Nathalie Pettorelli,weiblich,https://de.wikipedia.org/wiki/Nathalie_Pettorelli
Moritz Diehl,männlich,https://de.wikipedia.org/wiki/Moritz_Diehl
Thomas Scholten,männlich,https://de.wikipedia.org/wiki/Thomas_Scholten
Ralph Ewerth,männlich,https://de.wikipedia.org/wiki/Ralph_Ewerth
Uta Reinöhl,weiblich,https://de.wikipedia.org/wiki/Uta_Rein%C3%B6hl
Margareth Lanzinger,weiblich,https://de.wikipedia.org/wiki/Margareth_Lanzinger
Alexander Pawlowitsch Werschinin,männlich,https://de.wikipedia.org/wiki/Alexander_Pawlowitsch_Werschinin
Michal Wiezik,männlich,https://de.wikipedia.org/wiki/Michal_Wiezik
Jelena Igorewna Bunina,weiblich,https://de.wikipedia.org/wiki/Jelena_Igorewna_Bunina
Andreas Kuczera,männlich,https://de.wikipedia.org/wiki/Andreas_Kuczera
Ferdinand Ludwig,männlich,https://de.wikipedia.org/wiki/Ferdinand_Ludwig
Michael Bevis,männlich,https://de.wikipedia.org/wiki/Michael_Bevis
Gabriele Radecke,weiblich,https://de.wikipedia.org/wiki/Gabriele_Radecke
Olaf Simons,männlich,https://de.wikipedia.org/wiki/Olaf_Simons
Lətif Hüseynov,männlich,https://de.wikipedia.org/wiki/L%C9%99tif_H%C3%BCseynov
Frank Fischer,männlich,https://de.wikipedia.org/wiki/Frank_Fischer_(Literaturwissenschaftler)
Ina Blümel,weiblich,https://de.wikipedia.org/wiki/Ina_Bl%C3%BCmel
Michael Rießler,männlich,https://de.wikipedia.org/wiki/Michael_Rie%C3%9Fler
Michaela Mahlberg,weiblich,https://de.wikipedia.org/wiki/Michaela_Mahlberg
Rebecca Schwoch,weiblich,https://de.wikipedia.org/wiki/Rebecca_Schwoch
Daniel Schultheiß,männlich,https://de.wikipedia.org/wiki/Daniel_Schulthei%C3%9F
Thomas Richter,männlich,https://de.wikipedia.org/wiki/Thomas_Richter_(Altorientalist)
Adrian S. Lewis,männlich,https://de.wikipedia.org/wiki/Adrian_S._Lewis
Martin Mádl,männlich,https://de.wikipedia.org/wiki/Martin_M%C3%A1dl
Debra Roberts,weiblich,https://de.wikipedia.org/wiki/Debra_Roberts
Ulrike Mühlschlegel,weiblich,https://de.wikipedia.org/wiki/Ulrike_M%C3%BChlschlegel
Alexander Ferrauti,männlich,https://de.wikipedia.org/wiki/Alexander_Ferrauti
Patrick C. Leyens,männlich,https://de.wikipedia.org/wiki/Patrick_C._Leyens
Kathleen Glasgow,weiblich,https://de.wikipedia.org/wiki/Kathleen_Glasgow
Ute Engel,weiblich,https://de.wikipedia.org/wiki/Ute_Engel
Peter Moser,männlich,https://de.wikipedia.org/wiki/Peter_Moser_(Historiker)
Janet L. Smith,weiblich,https://de.wikipedia.org/wiki/Janet_L._Smith
Doris Prechel,weiblich,https://de.wikipedia.org/wiki/Doris_Prechel
Andreas Ullrich,männlich,https://de.wikipedia.org/wiki/Andreas_Ullrich
Gabriele Reiterer,weiblich,https://de.wikipedia.org/wiki/Gabriele_Reiterer
Cordula Artelt,weiblich,https://de.wikipedia.org/wiki/Cordula_Artelt
Tara Lee Andrews,weiblich,https://de.wikipedia.org/wiki/Tara_Lee_Andrews
Siegfried Handschuh,männlich,https://de.wikipedia.org/wiki/Siegfried_Handschuh
Leander D. Loacker,männlich,https://de.wikipedia.org/wiki/Leander_D._Loacker
Hubert Egger,männlich,https://de.wikipedia.org/wiki/Hubert_Egger_(Medizintechniker)
Jörn Schütrumpf,männlich,https://de.wikipedia.org/wiki/J%C3%B6rn_Sch%C3%BCtrumpf
Xuewu Gu,männlich,https://de.wikipedia.org/wiki/Xuewu_Gu
Eric D’Hoker,männlich,https://de.wikipedia.org/wiki/Eric_D%E2%80%99Hoker
Andreas Blätte,männlich,https://de.wikipedia.org/wiki/Andreas_Bl%C3%A4tte
Michael Grünberger,männlich,https://de.wikipedia.org/wiki/Michael_Gr%C3%BCnberger_(Rechtswissenschaftler)
Patrick Sahle,männlich,https://de.wikipedia.org/wiki/Patrick_Sahle
Claire Spottiswoode,weiblich,https://de.wikipedia.org/wiki/Claire_Spottiswoode
Stephanie Evert,weiblich,https://de.wikipedia.org/wiki/Stephanie_Evert
Lenka Zdeborová,weiblich,https://de.wikipedia.org/wiki/Lenka_Zdeborov%C3%A1
Peter Daszak,männlich,https://de.wikipedia.org/wiki/Peter_Daszak
Ella Raidel,weiblich,https://de.wikipedia.org/wiki/Ella_Raidel
Andreas Münzmay,männlich,https://de.wikipedia.org/wiki/Andreas_M%C3%BCnzmay
Kristin Bührig,weiblich,https://de.wikipedia.org/wiki/Kristin_B%C3%BChrig
Jan Christoph Meister,männlich,https://de.wikipedia.org/wiki/Jan_Christoph_Meister
Heike Zinsmeister,weiblich,https://de.wikipedia.org/wiki/Heike_Zinsmeister
Anke Holler,weiblich,https://de.wikipedia.org/wiki/Anke_Holler
Sebastian Schmideler,männlich,https://de.wikipedia.org/wiki/Sebastian_Schmideler
Sacha Menz,männlich,https://de.wikipedia.org/wiki/Sacha_Menz
Philipp Ahner,männlich,https://de.wikipedia.org/wiki/Philipp_Ahner
Dieter R. Fuchs,männlich,https://de.wikipedia.org/wiki/Dieter_R._Fuchs
René Riedl,männlich,https://de.wikipedia.org/wiki/Ren%C3%A9_Riedl
Fabian Hinz,männlich,https://de.wikipedia.org/wiki/Fabian_Hinz
Tamar Seideman,weiblich,https://de.wikipedia.org/wiki/Tamar_Seideman
Marco Hutter,männlich,https://de.wikipedia.org/wiki/Marco_Hutter
Sayeba Akhter,weiblich,https://de.wikipedia.org/wiki/Sayeba_Akhter
Ulrike Schildmann,weiblich,https://de.wikipedia.org/wiki/Ulrike_Schildmann
Annette Gerstenberg,weiblich,https://de.wikipedia.org/wiki/Annette_Gerstenberg
Stefan Morent,männlich,https://de.wikipedia.org/wiki/Stefan_Morent
Wolfram Buchwitz,männlich,https://de.wikipedia.org/wiki/Wolfram_Buchwitz
M. Celeste Simon,weiblich,https://de.wikipedia.org/wiki/M._Celeste_Simon
Markus Antonietti,männlich,https://de.wikipedia.org/wiki/Markus_Antonietti
Elke Kleinau,weiblich,https://de.wikipedia.org/wiki/Elke_Kleinau
Anna Kaminsky,weiblich,https://de.wikipedia.org/wiki/Anna_Kaminsky
Britt-Marie Schuster,weiblich,https://de.wikipedia.org/wiki/Britt-Marie_Schuster
Christine Siegert,weiblich,https://de.wikipedia.org/wiki/Christine_Siegert
Gesa zur Nieden,weiblich,https://de.wikipedia.org/wiki/Gesa_zur_Nieden
Maria Effinger,weiblich,https://de.wikipedia.org/wiki/Maria_Effinger
Friedrich Michael Dimpel,männlich,https://de.wikipedia.org/wiki/Friedrich_Michael_Dimpel
Uwe Prell,männlich,https://de.wikipedia.org/wiki/Uwe_Prell
Tobias Wendl,männlich,https://de.wikipedia.org/wiki/Tobias_Wendl_(Kunsthistoriker)
Gerald Kohl,männlich,https://de.wikipedia.org/wiki/Gerald_Kohl
Daniel Burger,männlich,https://de.wikipedia.org/wiki/Daniel_Burger-V%C3%B6llmecke
Holger Militz,männlich,https://de.wikipedia.org/wiki/Holger_Militz
Gabriel Viehhauser-Mery,männlich,https://de.wikipedia.org/wiki/Gabriel_Viehhauser
Werner Scheltjens,männlich,https://de.wikipedia.org/wiki/Werner_Scheltjens
Jens Kaden,männlich,https://de.wikipedia.org/wiki/Jens_Kaden_(Mediziner)
Wojciech Kunicki,männlich,https://de.wikipedia.org/wiki/Wojciech_Kunicki
Jan Gerber,männlich,https://de.wikipedia.org/wiki/Jan_Gerber
Swaantje Güntzel,weiblich,https://de.wikipedia.org/wiki/Swaantje_G%C3%BCntzel
Tobias Ebbrecht-Hartmann,männlich,https://de.wikipedia.org/wiki/Tobias_Ebbrecht-Hartmann
Dirk Konietzka,männlich,https://de.wikipedia.org/wiki/Dirk_Konietzka
Pol M. Rommens,männlich,https://de.wikipedia.org/wiki/Pol_Maria_Rommens
Yukiko Ogawa,weiblich,https://de.wikipedia.org/wiki/Yukiko_Ogawa
"Christian Schröter, geb. Vater",männlich,https://de.wikipedia.org/wiki/Christian_Schr%C3%B6ter_(Philosoph)
Noah Bubenhofer,männlich,https://de.wikipedia.org/wiki/Noah_Bubenhofer
Gary Struhl,männlich,https://de.wikipedia.org/wiki/Gary_Struhl
Simon Meier-Vieracker,männlich,https://de.wikipedia.org/wiki/Simon_Meier-Vieracker
Martin Huber,männlich,https://de.wikipedia.org/wiki/Martin_Huber_(Literaturwissenschaftler)
John Toner,männlich,https://de.wikipedia.org/wiki/John_Toner_(Physiker)
Elisabeth Burr,weiblich,https://de.wikipedia.org/wiki/Elisabeth_Burr
Claudia R. Binder,weiblich,https://de.wikipedia.org/wiki/Claudia_R._Binder
Marcel Lepper,männlich,https://de.wikipedia.org/wiki/Marcel_Lepper
Martin Hirsch,männlich,https://de.wikipedia.org/wiki/Martin_Hirsch_(Kunsthistoriker)
Peter Wollny,männlich,https://de.wikipedia.org/wiki/Peter_Wollny
Thomas Stolle,männlich,https://de.wikipedia.org/wiki/Thomas_Stolle_(Musikwissenschaftler)
Frieder Schmidt,männlich,https://de.wikipedia.org/wiki/Frieder_Schmidt
Karl Fallend,männlich,https://de.wikipedia.org/wiki/Karl_Fallend
Peer Trilcke,männlich,https://de.wikipedia.org/wiki/Peer_Trilcke
Jakub Drábik,männlich,https://de.wikipedia.org/wiki/Jakub_Dr%C3%A1bik
Vera Moser,weiblich,https://de.wikipedia.org/wiki/Vera_Moser
Thomas Stäcker,männlich,https://de.wikipedia.org/wiki/Thomas_St%C3%A4cker
Reinhard Altenhöner,männlich,https://de.wikipedia.org/wiki/Reinhard_Altenh%C3%B6ner
Petra Sammer,weiblich,https://de.wikipedia.org/wiki/Petra_Sammer
Thomas Mohnike,männlich,https://de.wikipedia.org/wiki/Thomas_Mohnike
Fionn Ferreira,männlich,https://de.wikipedia.org/wiki/Fionn_Ferreira
Susan Chomba,weiblich,https://de.wikipedia.org/wiki/Susan_Chomba
Georg Fertig,männlich,https://de.wikipedia.org/wiki/Georg_Fertig
Christoph Kumpan,männlich,https://de.wikipedia.org/wiki/Christoph_Kumpan
Tatjana Alexandrowna Assejewa,weiblich,https://de.wikipedia.org/wiki/Tatjana_Alexandrowna_Assejewa
Rainer Simon,männlich,https://de.wikipedia.org/wiki/Rainer_Simon_(General)
Piotr Kuroczyński,männlich,https://de.wikipedia.org/wiki/Piotr_Kuroczy%C5%84ski
Sandra Sprenger,weiblich,https://de.wikipedia.org/wiki/Sandra_Sprenger
Sandra Sprenger,weiblich,https://de.wikipedia.org/wiki/Sandra_Sprenger
Ulrike Greb,weiblich,https://de.wikipedia.org/wiki/Ulrike_Greb
Katrin Moeller,weiblich,https://de.wikipedia.org/wiki/Katrin_Moeller
Joyce Poon,weiblich,https://de.wikipedia.org/wiki/Joyce_Poon
Q95753521,männlich,https://de.wikipedia.org/wiki/Thomas_H%C3%B6rren
Fabian Körner,männlich,https://de.wikipedia.org/wiki/Fabian_K%C3%B6rner
Hannah Ritchie,weiblich,https://de.wikipedia.org/wiki/Hannah_Ritchie
Melanie Stansbury,weiblich,https://de.wikipedia.org/wiki/Melanie_Stansbury
Fadji Maina,weiblich,https://de.wikipedia.org/wiki/Fadji_Maina
May-Britt Öhman,weiblich,https://de.wikipedia.org/wiki/May-Britt_%C3%96hman
María José Barragán-Paladines,weiblich,https://de.wikipedia.org/wiki/Mar%C3%ADa_Jos%C3%A9_Barrag%C3%A1n-Paladines
Madita Oeming,weiblich,https://de.wikipedia.org/wiki/Madita_Oeming
Bodo Plachta,männlich,https://de.wikipedia.org/wiki/Bodo_Plachta
Jennifer Whitmore,weiblich,https://de.wikipedia.org/wiki/Jennifer_Whitmore
Peter Bell,männlich,https://de.wikipedia.org/wiki/Peter_Bell_(Kunsthistoriker)
Beáta Boglárka Wagner-Nagy,weiblich,https://de.wikipedia.org/wiki/Be%C3%A1ta_Bogl%C3%A1rka_Wagner-Nagy
Fusa Miyake,weiblich,https://de.wikipedia.org/wiki/Fusa_Miyake
Nikolaus Müller-Schöll,männlich,https://de.wikipedia.org/wiki/Nikolaus_M%C3%BCller-Sch%C3%B6ll
Torsten Hiltmann,männlich,https://de.wikipedia.org/wiki/Torsten_Hiltmann
Claudia P. Tambussi,weiblich,https://de.wikipedia.org/wiki/Claudia_Tambussi
Alexander Sokolicek,männlich,https://de.wikipedia.org/wiki/Alexander_Sokolicek
Ute Ritterfeld,weiblich,https://de.wikipedia.org/wiki/Ute_Ritterfeld
Thomas Pölzler,männlich,https://de.wikipedia.org/wiki/Thomas_P%C3%B6lzler
Swetlana Anatoljewna Mustafina,weiblich,https://de.wikipedia.org/wiki/Swetlana_Anatoljewna_Mustafina
Gerald Grabherr,männlich,https://de.wikipedia.org/wiki/Gerald_Grabherr
Frédéric Krauskopf,männlich,https://de.wikipedia.org/wiki/Fr%C3%A9d%C3%A9ric_Krauskopf
Frédéric Krauskopf,männlich,https://de.wikipedia.org/wiki/Fr%C3%A9d%C3%A9ric_Krauskopf
Katja Winger,weiblich,https://de.wikipedia.org/wiki/Katja_Winger
Katja Winger,weiblich,https://de.wikipedia.org/wiki/Katja_Winger
Karin Kalisa,weiblich,https://de.wikipedia.org/wiki/Karin_Kalisa
Ralf Weskamp,männlich,https://de.wikipedia.org/wiki/Ralf_Weskamp
Björn Ommer,männlich,https://de.wikipedia.org/wiki/Bj%C3%B6rn_Ommer
Silke Langenberg,weiblich,https://de.wikipedia.org/wiki/Silke_Langenberg
Heike Schlie,weiblich,https://de.wikipedia.org/wiki/Heike_Schlie
Sebastian Seiffert,männlich,https://de.wikipedia.org/wiki/Sebastian_Seiffert
Bernd Kannowski,männlich,https://de.wikipedia.org/wiki/Bernd_Kannowski
Christoph Volkmar,männlich,https://de.wikipedia.org/wiki/Christoph_Volkmar
Philipp Brüllmann,männlich,https://de.wikipedia.org/wiki/Philipp_Br%C3%BCllmann
Susanne Lilian Gössl,weiblich,https://de.wikipedia.org/wiki/Susanne_Lilian_G%C3%B6ssl
Philip Ajouri,männlich,https://de.wikipedia.org/wiki/Philip_Ajouri
Debbie Pain,weiblich,https://de.wikipedia.org/wiki/Debbie_Pain
Kianoosh Rezania,männlich,https://de.wikipedia.org/wiki/Kianoosh_Rezania
Rainer Graafen,männlich,https://de.wikipedia.org/wiki/Rainer_Graafen
Udo Seifert,männlich,https://de.wikipedia.org/wiki/Udo_Seifert
Benjamin Bader,männlich,https://de.wikipedia.org/wiki/Benjamin_Bader
Christoph Gerhard,männlich,https://de.wikipedia.org/wiki/Christoph_Gerhard
Christoph Gerhard,männlich,https://de.wikipedia.org/wiki/Christoph_Gerhard
Amina Zoubeidi,weiblich,https://de.wikipedia.org/wiki/Amina_Zoubeidi
Roland Borgards,männlich,https://de.wikipedia.org/wiki/Roland_Borgards
Anke Lüdeling,weiblich,https://de.wikipedia.org/wiki/Anke_L%C3%BCdeling
Thomas Unnerstall,männlich,https://de.wikipedia.org/wiki/Thomas_Unnerstall
Christian Wolff,männlich,https://de.wikipedia.org/wiki/Christian_Wolff_(Informationswissenschaftler)
Kerstin Brückweh,weiblich,https://de.wikipedia.org/wiki/Kerstin_Br%C3%BCckweh
Gerhard Heyer,männlich,https://de.wikipedia.org/wiki/Gerhard_Heyer
Vera Hildenbrandt,weiblich,https://de.wikipedia.org/wiki/Vera_Hildenbrandt
Theo Ikummaq,männlich,https://de.wikipedia.org/wiki/Theo_Ikummaq
Patrick Primavesi,männlich,https://de.wikipedia.org/wiki/Patrick_Primavesi
Thomas Krefeld,männlich,https://de.wikipedia.org/wiki/Thomas_Krefeld
Christian Rollinger,männlich,https://de.wikipedia.org/wiki/Christian_Rollinger
Konrad Nikolaus Kleiner,männlich,https://de.wikipedia.org/wiki/Konrad_Nikolaus_Kleiner
Cornel Stan,männlich,https://de.wikipedia.org/wiki/Cornel_Stan
Hubert Mara,männlich,https://de.wikipedia.org/wiki/Hubert_Mara
Jörg Müller-Lietzkow,männlich,https://de.wikipedia.org/wiki/J%C3%B6rg_M%C3%BCller-Lietzkow
Michael Beißwenger,männlich,https://de.wikipedia.org/wiki/Michael_Bei%C3%9Fwenger
Christoph Rasche,männlich,https://de.wikipedia.org/wiki/Christoph_Rasche
Oksana Hryschtschuk,weiblich,https://de.wikipedia.org/wiki/Oksana_Hryschtschuk
Simon Spiegel,männlich,https://de.wikipedia.org/wiki/Simon_Spiegel
Jörn Kleinert,männlich,https://de.wikipedia.org/wiki/J%C3%B6rn_Kleinert
Dagmar Everding,weiblich,https://de.wikipedia.org/wiki/Dagmar_Everding
Esther Lehnert,weiblich,https://de.wikipedia.org/wiki/Esther_Lehnert
Jutta Hartmann,weiblich,https://de.wikipedia.org/wiki/Jutta_Hartmann
Jutta Hartmann,weiblich,https://de.wikipedia.org/wiki/Jutta_Hartmann
Julianne Nyhan,weiblich,https://de.wikipedia.org/wiki/Julianne_Nyhan
David Wigg-Wolf,männlich,https://de.wikipedia.org/wiki/David_Wigg-Wolf
Christina Antenhofer,weiblich,https://de.wikipedia.org/wiki/Christina_Antenhofer
Arnd Wesemann,männlich,https://de.wikipedia.org/wiki/Arnd_Wesemann
Simone Winko,weiblich,https://de.wikipedia.org/wiki/Simone_Winko
Bernhard Weßling,männlich,https://de.wikipedia.org/wiki/Bernhard_We%C3%9Fling
James McElvenny,männlich,https://de.wikipedia.org/wiki/James_McElvenny
Gerold Necker,männlich,https://de.wikipedia.org/wiki/Gerold_Necker
Leif Scheuermann,männlich,https://de.wikipedia.org/wiki/Leif_Scheuermann
Jörg Wesche,männlich,https://de.wikipedia.org/wiki/J%C3%B6rg_Wesche
Michael Marx,männlich,https://de.wikipedia.org/wiki/Michael_Marx_(Arabist)
Claudia Frick,weiblich,https://de.wikipedia.org/wiki/Claudia_Frick
Marco Rieckmann,männlich,https://de.wikipedia.org/wiki/Marco_Rieckmann
Reinhard Steurer,männlich,https://de.wikipedia.org/wiki/Reinhard_Steurer
Frédéric Döhl,männlich,https://de.wikipedia.org/wiki/Fr%C3%A9d%C3%A9ric_D%C3%B6hl
Christoph Jacke,männlich,https://de.wikipedia.org/wiki/Christoph_Jacke
Gary Leslie White,männlich,https://de.wikipedia.org/wiki/Gary_White_(Arch%C3%A4ologe)
Barbara Friebertshäuser,weiblich,https://de.wikipedia.org/wiki/Barbara_Friebertsh%C3%A4user
Anne Foerst,weiblich,https://de.wikipedia.org/wiki/Anne_Foerst
Gregor Kasieczka,männlich,https://de.wikipedia.org/wiki/Gregor_Kasieczka
Kofi Yakpo,männlich,https://de.wikipedia.org/wiki/Kofi_Yakpo
Nikolaus Weichselbaumer,männlich,https://de.wikipedia.org/wiki/Nikolaus_Weichselbaumer
Roland Reichen,männlich,https://de.wikipedia.org/wiki/Roland_Reichen
Susan Monarez,weiblich,https://de.wikipedia.org/wiki/Susan_Monarez
Mangala Mani,weiblich,https://de.wikipedia.org/wiki/Mangala_Mani
Eugenia Kuznetsova,weiblich,https://de.wikipedia.org/wiki/Jewhenija_Kusnezowa
Leila Asretowna Abukowa,weiblich,https://de.wikipedia.org/wiki/Leila_Asretowna_Abukowa
Měto Nowak,männlich,https://de.wikipedia.org/wiki/M%C4%9Bto_Nowak
Silke Schwandt,weiblich,https://de.wikipedia.org/wiki/Silke_Schwandt
Robert Strötgen,männlich,https://de.wikipedia.org/wiki/Robert_Str%C3%B6tgen
Jobst Landgrebe,männlich,https://de.wikipedia.org/wiki/Jobst_Landgrebe
Stefanie Egidy,weiblich,https://de.wikipedia.org/wiki/Stefanie_Egidy
Julian Schröter,männlich,https://de.wikipedia.org/wiki/Julian_Schr%C3%B6ter
Mathias Grote,männlich,https://de.wikipedia.org/wiki/Mathias_Grote
Marcus Müller,männlich,https://de.wikipedia.org/wiki/Marcus_M%C3%BCller_(Sprachwissenschaftler)
Linda Chalupová,weiblich,https://de.wikipedia.org/wiki/Linda_Chalupov%C3%A1
Raoul V. Kübler,männlich,https://de.wikipedia.org/wiki/Raoul_V._K%C3%BCbler
Cat Bohannon,weiblich,https://de.wikipedia.org/wiki/Cat_Bohannon
Michaela Haug,weiblich,https://de.wikipedia.org/wiki/Michaela_Haug
Xenija Eduardowna Saizewa,weiblich,https://de.wikipedia.org/wiki/Xenija_Eduardowna_Saizewa
Peter Pfeffer,männlich,https://de.wikipedia.org/wiki/Peter_Pfeffer
Emanuel Wenger,männlich,https://de.wikipedia.org/wiki/Emanuel_Wenger
Q132918319,männlich,https://de.wikipedia.org/wiki/Dirk_Dujesiefken
Lukas Iffländer,männlich,https://de.wikipedia.org/wiki/Lukas_Iffl%C3%A4nder
Semia Gharbi,weiblich,https://de.wikipedia.org/wiki/Semia_Gharbi
